url,type,is_submodule,submodule_path,researched,notes
https://agentclientprotocol.com/overview/agents,website,no,,no,
https://benhouston3d.com/blog/building-an-agentic-code-from-scratch,website,no,,no,
https://chunkhound.github.io,website,no,,no,
https://developers.googleblog.com/architecting-efficient-context-aware-multi-agent-framework-for-production,website,no,,no,
https://developers.openai.com/codex/skills,website,no,,no,
https://docs.anythingllm.com/agent/custom/developer-guide,website,no,,no,
https://docs.claude-mem.ai,website,no,,no,
https://docs.docker.com/ai/mcp-catalog-and-toolkit/toolkit,website,no,,no,
https://docs.roocode.com/roo-code-cloud/roomote-control,website,no,,no,
https://enact.tools,website,no,,no,
https://github.com/2mawi2/schaltwerk,github_repo,yes,external/clis/schaltwerk,no,
https://github.com/4regab/tasksync,github_repo,yes,external/orchestration/TaskSync,no,
https://github.com/a2anet/a2a-ui,github_repo,yes,external/orchestration/a2a-ui,no,
https://github.com/a2aproject/a2a,github_repo,yes,external/orchestration/A2A,no,
https://github.com/abanteai/experiments,github_repo,yes,external/mcp-servers/experiments,no,
https://github.com/abanteai/gpt-generals,github_repo,yes,external/mcp-servers/gpt-generals,no,
https://github.com/abanteai/locodiff-bench,github_repo,yes,external/mcp-servers/LoCoDiff-bench,no,
https://github.com/abanteai/mentat-template-js,github_repo,yes,external/mcp-servers/mentat-template-js,no,
https://github.com/abanteai/party,github_repo,yes,external/mcp-servers/party,no,
https://github.com/abanteai/qa-party,github_repo,yes,external/mcp-servers/qa-party,no,
https://github.com/abanteai/repo-visualizer,github_repo,yes,external/mcp-servers/repo-visualizer,no,
https://github.com/abanteai/spice,github_repo,yes,external/mcp-servers/spice,no,
https://github.com/abanteai/tiktoken,github_repo,yes,external/mcp-servers/tiktoken,no,
https://github.com/abanteai/vscode,github_repo,yes,external/mcp-servers/vscode,no,
https://github.com/abanteai/websocket-demo,github_repo,yes,external/mcp-servers/websocket-demo,no,
https://github.com/aberemia24/code-executor-mcp,github_repo,yes,external/mcp-tooling/code-executor-MCP,no,
https://github.com/ag-ui-protocol/ag-ui,github_repo,yes,external/orchestration/ag-ui,no,
https://github.com/agentdeskai/browser-tools-mcp,github_repo,yes,external/mcp-servers/browser-tools-mcp,no,
https://github.com/agentic-mcp-tools/memora,github_repo,yes,external/mcp-servers/memora,no,
https://github.com/agentify-sh/safeexec,github_repo,yes,code-sandbox/tools/safeexec,no,
https://github.com/algonius/algonius-browser,github_repo,yes,external/computer-use/algonius-browser,no,
https://github.com/alphavantage/alpha_vantage_mcp,github_repo,yes,external/financial/alpha_vantage_mcp,no,
https://github.com/alvii147/piston-mcp,github_repo,yes,external/sandboxing/piston-mcp,no,
https://github.com/analyticace/binancemcpserver,github_repo,yes,external/financial/BinanceMCPServer,no,
https://github.com/anandchowdhary/continuous-claude,github_repo,yes,external/unsorted/continuous-claude,no,
https://github.com/andrew6rant/andrew6rant,github_repo,yes,external/mcp-servers/Andrew6rant,no,
https://github.com/anthropics/claude-code,github_repo,yes,submodules/claude-code,no,
https://github.com/anthropics/claude-quickstarts,github_repo,yes,external/computer-use/claude-quickstarts,no,
https://github.com/anthropics/skills,github_repo,yes,external/skills/skills,no,
https://github.com/antl3x/toolrag,github_repo,yes,external/mcp-tooling/ToolRAG,no,
https://github.com/appcypher/awesome-mcp-servers,github_repo,yes,misc/awesome-mcp-servers-appcypher,no,
https://github.com/arindam200/awesome-ai-apps,github_repo,yes,external/mcp-directories/awesome-ai-apps,no,
https://github.com/armorwallet/armor-crypto-mcp,github_repo,yes,external/financial/armor-crypto-mcp,no,
https://github.com/audienseco/mcp-audiense-insights,github_repo,yes,external/financial/mcp-audiense-insights,no,
https://github.com/augmentcode,github_owner,no,,no,
https://github.com/automata-labs-team/code-sandbox-mcp,github_repo,yes,external/sandboxing/code-sandbox-mcp,no,
https://github.com/av/awesome-llm-services,github_repo,yes,external/mcp-servers/awesome-llm-services,no,
https://github.com/awesome-opencode/awesome-opencode,github_repo,yes,external/clis/awesome-opencode,no,
https://github.com/badkk/awesome-crypto-mcp-servers,github_repo,yes,external/financial/awesome-crypto-mcp-servers,no,
https://github.com/bai-lab/memoryos,github_repo,yes,external/memory/MemoryOS,no,
https://github.com/berriai/litellm,github_repo,yes,external/clis/litellm,no,
https://github.com/biagruot/agentdepot-agents,github_repo,yes,external/orchestration/agentdepot-agents,no,
https://github.com/bitflight-devops/mcp-json-yaml-toml,github_repo,yes,external/mcp-tooling/mcp-json-yaml-toml,no,
https://github.com/bkircher/skills,github_repo,yes,external/forks/bkircher/skills,no,
https://github.com/block/goose,github_repo,yes,external/clis/goose,no,
https://github.com/brokkai/brokk,github_repo,no,,no,upstream is case-sensitive; should be BrokkAi/brokk
https://github.com/brwse/claude-tools-mcp,github_repo,yes,external/clis/claude-tools-mcp,no,
https://github.com/bytebase/dbhub,github_repo,yes,external/database/dbhub,no,
https://github.com/cameronking4/programmatic-tool-calling-ai-sdk,github_repo,yes,external/mcp-tooling/programmatic-tool-calling-ai-sdk,no,
https://github.com/campfirein/cipher,github_repo,yes,external/memory/cipher,no,
https://github.com/caviraoss/openmemory,github_repo,yes,external/memory/OpenMemory,no,
https://github.com/charmbracelet/crush,github_repo,yes,external/clis/crush,no,
https://github.com/chat2anyllm/code-assistant-manager,github_repo,yes,external/clis/code-assistant-manager,no,
https://github.com/chris-schra/mcp-funnel,github_repo,yes,external/mcp-tooling/mcp-funnel,no,
https://github.com/chris-tse/opencode-web,github_repo,yes,external/clis/opencode-web,no,
https://github.com/chroma-core/chroma,github_repo,yes,external/memory/chroma,no,
https://github.com/chromedevtools/chrome-devtools-mcp,github_repo,yes,external/computer-use/chrome-devtools-mcp,no,
https://github.com/cloudflare/agents,github_repo,yes,external/mcp-tooling/agents,no,
https://github.com/cloudflare/vibesdk,github_repo,yes,external/unsorted/vibesdk,no,
https://github.com/cluesmith/codev,github_repo,yes,external/orchestration/codev,no,
https://github.com/cnicolov/opencode-plugin-simple-memory,github_repo,yes,external/memory/opencode-plugin-simple-memory,no,
https://github.com/code-yeongyu/oh-my-opencode,github_repo,yes,external/clis/oh-my-opencode,no,
https://github.com/codeagentbridge/jules-mcp-server,github_repo,yes,external/unsorted/jules-mcp-server,no,
https://github.com/codebuffai/codebuff,github_repo,yes,external/clis/codebuff,no,
https://github.com/coder/agentapi,github_repo,yes,external/unsorted/agentapi,no,
https://github.com/cohere-ai/cohere-terrarium,github_repo,yes,external/sandboxing/cohere-terrarium,no,
https://github.com/coingecko/coingecko-typescript,github_repo,yes,external/financial/coingecko-typescript,no,
https://github.com/coinstatshq/coinstats-mcp,github_repo,yes,external/financial/coinstats-mcp,no,
https://github.com/copilotkit/copilotkit,github_repo,yes,external/orchestration/CopilotKit,no,
https://github.com/corespeed-io/zypher-agent,github_repo,yes,external/mcp-tooling/zypher-agent,no,
https://github.com/danieliser/codemode-unified,github_repo,yes,external/mcp-tooling/codemode-unified,no,
https://github.com/dappierai/dappier-mcp,github_repo,yes,external/financial/dappier-mcp,no,
https://github.com/deepbluedynamics/codex-container,github_repo,yes,external/unsorted/codex-container,no,
https://github.com/denniszielke/agentic-playground,github_repo,yes,external/orchestration/agentic-playground,no,
https://github.com/derek-larson14/claude-code-openrouter,github_repo,yes,external/clis/claude-code-openrouter,no,
https://github.com/dhatchinamoorthy/googlegeminirouter,github_repo,yes,external/clis/GoogleGeminiRouter,no,
https://github.com/dianel555/gemini-superclaude-mcp-server,github_repo,yes,external/clis/gemini-superclaude-mcp-server,no,
https://github.com/dicklesworthstone/beads_viewer,github_repo,yes,external/memory/beads_viewer,no,
https://github.com/digit1024/mcp_obsidian_notes,github_repo,yes,external/mcp-servers/mcp_obsidian_notes,no,
https://github.com/doobidoo/mcp-memory-service,github_repo,yes,external/memory/mcp-memory-service,no,
https://github.com/drdavidl/sem-mem,github_repo,yes,external/memory/sem-mem,no,
https://github.com/dumbris/mcpproxy,github_repo,yes,external/mcp-tooling/mcpproxy,no,
https://github.com/e2b-dev/code-interpreter,github_repo,yes,external/sandboxing/code-interpreter,no,
https://github.com/ej-tether/tether-chat,github_repo,yes,external/mcp-servers/Tether-Chat,no,
https://github.com/elusznik/mcp-server-code-execution-mode,github_repo,yes,external/mcp-tooling/mcp-server-code-execution-mode,no,
https://github.com/engineer-man/piston,github_repo,yes,external/sandboxing/piston,no,
https://github.com/eqtylab/agent-console,github_repo,yes,external/mcp-servers/agent-console,no,
https://github.com/ethancod1ng/binance-mcp-server,github_repo,yes,external/financial/binance-mcp-server,no,
https://github.com/ethancod1ng/bybit-mcp-server,github_repo,yes,external/financial/bybit-mcp-server,no,
https://github.com/factory-ai/factory,github_repo,yes,external/clis/factory,no,
https://github.com/farion1231/cc-switch,github_repo,yes,external/clis/cc-switch,no,
https://github.com/financial-datasets/mcp-server,github_repo,yes,external/financial/mcp-server,no,
https://github.com/finmap-org/mcp-server,github_repo,yes,external/forks/finmap-org/mcp-server,no,
https://github.com/gemini-cli-extensions/conductor,github_repo,yes,external/mcp-servers/conductor,no,
https://github.com/gemini-cli-extensions/datacommons,github_repo,yes,external/mcp-servers/datacommons,no,
https://github.com/gemini-cli-extensions/firebase,github_repo,yes,external/mcp-servers/firebase,no,
https://github.com/gemini-cli-extensions/gcloud,github_repo,yes,external/mcp-servers/gcloud,no,
https://github.com/gemini-cli-extensions/jules,github_repo,yes,external/mcp-servers/jules,no,
https://github.com/gemini-cli-extensions/mcp-toolbox,github_repo,yes,external/mcp-servers/mcp-toolbox,no,
https://github.com/gemini-cli-extensions/mysql,github_repo,yes,external/database/mysql,no,
https://github.com/gemini-cli-extensions/nanobanana,github_repo,yes,external/mcp-servers/nanobanana,no,
https://github.com/gemini-cli-extensions/postgres,github_repo,yes,external/database/postgres,no,
https://github.com/gemini-cli-extensions/vertex,github_repo,yes,external/mcp-servers/vertex,no,
https://github.com/gemini-cli-extensions/workspace,github_repo,yes,external/mcp-servers/workspace,no,
https://github.com/generalaction/emdash,github_repo,yes,external/clis/emdash,no,
https://github.com/generalagents/generalagents-python,github_repo,yes,external/computer-use/generalagents-python,no,
https://github.com/george5562/switchboard,github_repo,yes,external/mcp-tooling/Switchboard,no,
https://github.com/getzep/zep,github_repo,yes,external/memory/zep,no,
https://github.com/github/awesome-copilot,github_repo,yes,external/clis/awesome-copilot,no,
https://github.com/github/copilot-cli,github_repo,yes,external/clis/copilot-cli,no,
https://github.com/google/adk-js,github_repo,yes,external/mcp-servers/adk-js,no,
https://github.com/googlecloudplatform/cloud-run-mcp,github_repo,yes,external/mcp-servers/cloud-run-mcp,no,
https://github.com/googlecloudplatform/vertex-ai-creative-studio,github_repo,yes,external/mcp-servers/vertex-ai-creative-studio,no,
https://github.com/grapeot/devin.cursorrules,github_repo,yes,agents/refs/agents/devin.cursorrules,no,
https://github.com/greatscottymac/context-portal,github_repo,yes,external/memory/context-portal,no,
https://github.com/gvaibhav/tam-mcp-server,github_repo,yes,external/financial/TAM-MCP-Server,no,
https://github.com/hangwin/mcp-chrome,github_repo,yes,external/mcp-servers/mcp-chrome,no,
https://github.com/hetpatel-11/advanced-tools,github_repo,yes,external/unsorted/advanced-tools,no,
https://github.com/hive-intel/hive-crypto-mcp,github_repo,yes,external/financial/hive-crypto-mcp,no,
https://github.com/hk-gosuto/vercel-ai-proxy,github_repo,yes,external/clis/vercel-ai-proxy,no,
https://github.com/huggingface/smolagents,github_repo,yes,external/mcp-tooling/smolagents,no,
https://github.com/hyperbrowserai/mcp,github_repo,yes,external/mcp-servers/mcp,no,
https://github.com/instavm/clickclickclick,github_repo,yes,external/computer-use/clickclickclick,no,
https://github.com/instavm/open-skills,github_repo,yes,external/unsorted/open-skills,no,
https://github.com/jakops88-hub/long-term-memory-api,github_repo,yes,external/memory/Long-Term-Memory-API,no,
https://github.com/jakops88-hub/memvault-sync,github_repo,yes,external/memory/memvault-sync,no,
https://github.com/jasonzhangf/gemini-cli-router,github_repo,yes,external/clis/gemini-cli-router,no,
https://github.com/jayasuryajsk/codex-kaioken,github_repo,yes,external/unsorted/codex-kaioken,no,
https://github.com/jdorfman/awesome-amp-code,github_repo,yes,external/clis/awesome-amp-code,no,
https://github.com/jean-technologies/jean-memory,github_repo,yes,external/memory/jean-memory,no,
https://github.com/just-every/code,github_repo,yes,external/clis/code,no,
https://github.com/jx-codes/lootbox,github_repo,yes,external/mcp-tooling/lootbox,no,
https://github.com/kaitranntt/ccs,github_repo,yes,external/clis/ccs,no,
https://github.com/kenryu42/claude-code-safety-net,github_repo,yes,tools/security/claude-code-safety-net,no,
https://github.com/kraftyux/memai,github_repo,yes,external/memory/memai,no,
https://github.com/kspviswa/pktai,github_repo,yes,external/unsorted/pktai,no,
https://github.com/kukapay/crypto-feargreed-mcp,github_repo,yes,external/financial/crypto-feargreed-mcp,no,
https://github.com/kukapay/crypto-indicators-mcp,github_repo,yes,external/financial/crypto-indicators-mcp,no,
https://github.com/kukapay/crypto-sentiment-mcp,github_repo,yes,external/financial/crypto-sentiment-mcp,no,
https://github.com/kukapay/cryptopanic-mcp-server,github_repo,yes,external/financial/cryptopanic-mcp-server,no,
https://github.com/kukapay/freqtrade-mcp,github_repo,yes,external/financial/freqtrade-mcp,no,
https://github.com/kukapay/uniswap-poolspy-mcp,github_repo,yes,external/financial/uniswap-poolspy-mcp,no,
https://github.com/kukapay/uniswap-trader-mcp,github_repo,yes,external/financial/uniswap-trader-mcp,no,
https://github.com/langchain-ai/langmem,github_repo,yes,external/memory/langmem,no,
https://github.com/letta-ai/letta,github_repo,yes,external/memory/letta,no,
https://github.com/letta-ai/letta-code,github_repo,yes,external/memory/letta-code,no,
https://github.com/lifecontext/lifecontext,github_repo,yes,external/memory/lifecontext,no,
https://github.com/linggen/linggen,github_repo,yes,external/unsorted/linggen,no,
https://github.com/longmans/coin_api_mcp,github_repo,yes,external/financial/coin_api_mcp,no,
https://github.com/macc-n/wot-mcp,github_repo,yes,external/mcp-servers/wot-mcp,no,
https://github.com/macc-n/wot-mcp-cli,github_repo,yes,external/mcp-servers/wot-mcp-cli,no,
https://github.com/machjesusmoto/claude-lazy-loading,github_repo,yes,external/mcp-tooling/claude-lazy-loading,no,
https://github.com/madappgang/claude-code,github_repo,yes,external/clis/claude-code,no,
https://github.com/mamertofabian/mcp-everything-search,github_repo,yes,external/search/mcp-everything-search,no,
https://github.com/mcp,github_owner,no,,no,
https://github.com/medright/vectorize-ui,github_repo,yes,external/rag/vectorize-ui,no,
https://github.com/mem0ai/mem0,github_repo,yes,external/memory/mem0,no,
https://github.com/memetus/okx-mcp-playground,github_repo,yes,external/financial/okx-mcp-playground,no,
https://github.com/memmachine/memmachine,github_repo,yes,external/memory/MemMachine,no,
https://github.com/memorilabs/memori,github_repo,yes,external/memory/Memori,no,
https://github.com/micl2e2/code-to-tree,github_repo,yes,external/code-indexing/code-to-tree,no,
https://github.com/microsoft/fara,github_repo,yes,external/computer-use/fara,no,
https://github.com/microsoft/magentic-ui,github_repo,yes,external/computer-use/magentic-ui,no,
https://github.com/microsoft/mcp-gateway,github_repo,yes,external/mcp-tooling/mcp-gateway,no,
https://github.com/milisp/mcp-linker,github_repo,yes,external/mcp-tooling/mcp-linker,no,
https://github.com/milisp/opencode-gui,github_repo,yes,external/clis/opencode-gui,no,
https://github.com/mindsdb/mindsdb,github_repo,yes,external/rag/mindsdb,no,
https://github.com/mkerix/toolscript,github_repo,yes,external/mcp-tooling/toolscript,no,
https://github.com/mnehmos/mcp-ooda-computer,github_repo,no,,no,repo exists but clone currently failing; retry later
https://github.com/moazbuilds/codemachine-cli,github_repo,yes,external/clis/CodeMachine-CLI,no,
https://github.com/modelcontextprotocol/servers,github_repo,yes,external/memory/servers,no,
https://github.com/mokszr/bilgecan,github_repo,yes,external/mcp-servers/bilgecan,no,
https://github.com/moonshotai/kimi-cli,github_repo,yes,external/clis/kimi-cli,no,
https://github.com/mrbaeksang/korea-stock-analyzer-mcp,github_repo,yes,external/financial/korea-stock-analyzer-mcp,no,
https://github.com/mrkrsl/web-search-mcp,github_repo,yes,external/search/web-search-mcp,no,
https://github.com/musistudio/claude-code-router,github_repo,yes,external/clis/claude-code-router,no,
https://github.com/mutable-state-inc/ensue-skill,github_repo,yes,skills/external/ensue-skill,no,
https://github.com/muvon/octocode,github_repo,yes,external/code-indexing/octocode,no,
https://github.com/mzafarm/mzafarm,github_repo,yes,external/mcp-servers/MZaFaRM,no,
https://github.com/neuml/txtai,github_repo,yes,external/memory/txtai,no,
https://github.com/neuralnomadsai/codenomad,github_repo,yes,external/clis/CodeNomad,no,
https://github.com/nullplatform/meta-mcp-proxy,github_repo,yes,external/mcp-tooling/meta-mcp-proxy,no,
https://github.com/octagonai/octagon-13f-holdings-mcp,github_repo,yes,external/financial/octagon-13f-holdings-mcp,no,
https://github.com/octagonai/octagon-financials-mcp,github_repo,yes,external/financial/octagon-financials-mcp,no,
https://github.com/octagonai/octagon-funding-data-mcp,github_repo,yes,external/financial/octagon-funding-data-mcp,no,
https://github.com/octagonai/octagon-investors-mcp,github_repo,yes,external/financial/octagon-investors-mcp,no,
https://github.com/octagonai/octagon-mcp-server,github_repo,yes,external/financial/octagon-mcp-server,no,
https://github.com/octagonai/octagon-private-companies-mcp,github_repo,yes,external/financial/octagon-private-companies-mcp,no,
https://github.com/octagonai/octagon-sec-filings-mcp,github_repo,yes,external/financial/octagon-sec-filings-mcp,no,
https://github.com/octagonai/octagon-stock-market-data-mcp,github_repo,yes,external/financial/octagon-stock-market-data-mcp,no,
https://github.com/octagonai/octagon-transcripts-mcp,github_repo,yes,external/financial/octagon-transcripts-mcp,no,
https://github.com/octagonai/octagon-vc-agents,github_repo,yes,external/financial/octagon-vc-agents,no,
https://github.com/ojowwalker77/claude-matrix,github_repo,yes,external/mcp-servers/Claude-Matrix,no,
https://github.com/omdivyatej/self-learning-agents,github_repo,yes,external/orchestration/Self-Learning-Agents,no,
https://github.com/open-webui/mcpo,github_repo,yes,external/mcp-servers/mcpo,no,
https://github.com/openai/codex,github_repo,yes,external/clis/codex,no,
https://github.com/openai/skills,github_repo,yes,skills/refs-external/openai-skills,no,
https://github.com/openhands/openhands,github_repo,yes,external/unsorted/OpenHands,no,
https://github.com/openinterpreter/open-interpreter,github_repo,yes,external/sandboxing/open-interpreter,no,
https://github.com/oraios/serena,github_repo,yes,external/code-indexing/serena,no,
https://github.com/orneryd/mimir,github_repo,yes,external/memory/Mimir,no,
https://github.com/ozgureyilmaz/polymarket-mcp,github_repo,yes,external/financial/polymarket-mcp,no,
https://github.com/paperinvest/mcp-server,github_repo,yes,external/forks/paperinvest/mcp-server,no,
https://github.com/papr-ai/memory-opensource,github_repo,yes,external/mcp-servers/memory-opensource,no,
https://github.com/parthajeet-sarmah/showcode,github_repo,yes,external/unsorted/showcode,no,
https://github.com/pathintegral-institute/mcpm.sh,github_repo,yes,external/mcp-tooling/mcpm.sh,no,
https://github.com/patricksys/codebase-context,github_repo,yes,external/code-indexing/codebase-context,no,
https://github.com/pchalasani/claude-code-tools,github_repo,yes,external/unsorted/claude-code-tools,no,
https://github.com/pedramamini/maestro,github_repo,yes,external/mcp-servers/Maestro,no,
https://github.com/pgvector/pgvector,github_repo,yes,memory/vector-stores/pgvector,no,
https://github.com/piebald-ai/splitrail,github_repo,yes,external/clis/splitrail,no,
https://github.com/pieces-app/awesome-pieces,github_repo,yes,external/memory/awesome-pieces,no,
https://github.com/pieces-app/cli-agent,github_repo,yes,external/memory/cli-agent,no,
https://github.com/pjlsergeant/captive-wifi-tool,github_repo,yes,external/unsorted/captive-wifi-tool,no,
https://github.com/plandex-ai/plandex,github_repo,yes,external/clis/plandex,no,
https://github.com/poly-mcp/polymcp,github_repo,yes,external/mcp-tooling/Polymcp,no,
https://github.com/portel-dev/ncp,github_repo,yes,external/mcp-tooling/ncp,no,
https://github.com/portofcontext/pctx,github_repo,yes,external/mcp-tooling/pctx,no,
https://github.com/priyan-coder/multi-agent-orchestration,github_repo,yes,external/clis/multi-agent-orchestration,no,
https://github.com/probelabs/probe,github_repo,yes,external/code-indexing/probe,no,
https://github.com/process-failed-successfully/combined-autonomous-coding,github_repo,yes,external/mcp-servers/combined-autonomous-coding,no,
https://github.com/publicaffairs/openai-gemini,github_repo,yes,external/clis/openai-gemini,no,
https://github.com/punkpeye/awesome-mcp-servers,github_repo,yes,external/unsorted/awesome-mcp-servers,no,
https://github.com/puppeteer/puppeteer,github_repo,yes,external/computer-use/puppeteer,no,
https://github.com/qdrant/mcp-server-qdrant,github_repo,yes,external/memory/mcp-server-qdrant,no,
https://github.com/qdrant/qdrant,github_repo,yes,external/memory/qdrant,no,
https://github.com/qwenlm/qwen-code,github_repo,yes,external/clis/qwen-code,no,
https://github.com/raine/consult-llm-mcp,github_repo,yes,external/unsorted/consult-llm-mcp,no,
https://github.com/rayai-labs/agentic-ray,github_repo,yes,external/orchestration/agentic-ray,no,
https://github.com/recallbricks,github_owner,no,,no,
https://github.com/redplanethq/core,github_repo,yes,external/memory/core,no,
https://github.com/roampal-ai/roampal-core,github_repo,yes,external/memory/roampal-core,no,
https://github.com/robertpelloni/claude-mem,github_repo,yes,memory/plugins/claude-mem,no,
https://github.com/robertpelloni/claude-squad,github_repo,yes,submodules/claude-squad,no,already present as upstream-equivalent smtg-ai/claude-squad
https://github.com/robertpelloni/claudex,github_repo,yes,submodules/claudex,no,already present as upstream-equivalent Mng-dev-ai/claudex
https://github.com/robertpelloni/emdash,github_repo,yes,submodules/emdash,no,already present as upstream-equivalent generalaction/emdash
https://github.com/robertpelloni/mcp-server-code-execution-mode,github_repo,yes,submodules/mcp-server-code-execution-mode,no,already present as upstream-equivalent elusznik/mcp-server-code-execution-mode
https://github.com/robertpelloni/mcp-tool-chainer,github_repo,yes,submodules/mcp-tool-chainer,no,already present as upstream-equivalent thirdstrandstudio/mcp-tool-chainer
https://github.com/robertpelloni/mcp-zero,github_repo,yes,submodules/MCP-Zero,no,already present as upstream-equivalent xfey/MCP-Zero
https://github.com/robertpelloni/pctx,github_repo,yes,submodules/pctx,no,already present as upstream-equivalent
https://github.com/robertpelloni/polymcp,github_repo,yes,mcp-frameworks/Polymcp,no,already present as upstream-equivalent poly-mcp/Polymcp
https://github.com/robertpelloni/smolagents,github_repo,yes,submodules/smolagents,no,already present as upstream-equivalent huggingface/smolagents
https://github.com/robertpelloni/super-mcp,github_repo,yes,mcp-frameworks/Super-MCP,no,already present as upstream-equivalent nspr-io/Super-MCP
https://github.com/roddutra/agent-mcp-gateway,github_repo,yes,external/mcp-tooling/agent-mcp-gateway,no,
https://github.com/roman-ryzenadvanced/openqode-public-alpha-gooseultra-,github_repo,yes,external/clis/OpenQode-Public-Alpha-GooseUltra-,no,
https://github.com/run-llama/llama_index,github_repo,yes,external/rag/llama_index,no,
https://github.com/saikiranrallabandi/inframind,github_repo,yes,external/mcp-servers/inframind,no,
https://github.com/saladday/cc-switch-cli,github_repo,yes,external/clis/cc-switch-cli,no,
https://github.com/samihalawa/google-jules-mcp,github_repo,yes,external/unsorted/google-jules-mcp,no,
https://github.com/sathish316/opus_agents,github_repo,yes,external/mcp-tooling/opus_agents,no,
https://github.com/sderosiaux/goto,github_repo,yes,external/unsorted/goto,no,
https://github.com/sensuslab/spark-mcp,github_repo,yes,external/computer-use/spark-mcp,no,
https://github.com/shareai-lab/kode-cli,github_repo,yes,external/clis/Kode-cli,no,
https://github.com/shinzo-labs/coinmarketcap-mcp,github_repo,yes,external/financial/coinmarketcap-mcp,no,
https://github.com/sigoden/aichat,github_repo,yes,external/clis/aichat,no,
https://github.com/slashtechno/amped,github_repo,yes,external/clis/amped,no,
https://github.com/slopus/happy,github_repo,yes,external/clis/happy,no,
https://github.com/smallcloudai/refact,github_repo,yes,external/unsorted/refact,no,
https://github.com/smonux/chgpt-mcp-bridge,github_repo,yes,external/mcp-servers/chgpt-mcp-bridge,no,
https://github.com/solangii/upbit-mcp-server,github_repo,yes,external/financial/upbit-mcp-server,no,
https://github.com/sourcegraph/amp-examples-and-guides,github_repo,yes,external/clis/amp-examples-and-guides,no,
https://github.com/sst/opencode,github_repo,yes,external/clis/opencode,no,
https://github.com/starbased-co/ccproxy,github_repo,yes,external/clis/ccproxy,no,
https://github.com/stared/gemini-claude-skills,github_repo,yes,external/skills/gemini-claude-skills,no,
https://github.com/steipete/claude-code-mcp,github_repo,yes,external/clis/claude-code-mcp,no,
https://github.com/steveyegge/beads,github_repo,yes,external/memory/beads,no,
https://github.com/supabase/supabase,github_repo,yes,external/database/supabase,no,
https://github.com/superagent-ai/grok-cli,github_repo,yes,external/clis/grok-cli,no,
https://github.com/superclaude-org/superclaude_framework,github_repo,yes,external/clis/SuperClaude_Framework,no,
https://github.com/supermemoryai/code-chunk,github_repo,yes,external/unsorted/code-chunk,no,
https://github.com/supermemoryai/supermemory,github_repo,yes,external/memory/supermemory,no,
https://github.com/supermemoryai/supermemory-mcp,github_repo,yes,external/memory/supermemory-mcp,no,
https://github.com/takltc/gemini-router,github_repo,yes,external/clis/gemini-router,no,
https://github.com/tencent/weknora,github_repo,yes,external/rag/WeKnora,no,
https://github.com/tesserato/codeweaver,github_repo,yes,external/code-indexing/CodeWeaver,no,
https://github.com/the-pocket/pocketflow-tutorial-cursor,github_repo,yes,external/orchestration/PocketFlow-Tutorial-Cursor,no,
https://github.com/thenoetrevino/claude-hooks,github_repo,yes,external/clis/claude-hooks,no,
https://github.com/thenoetrevino/dotfiles,github_repo,yes,external/skills/dotfiles,no,
https://github.com/thirdstrandstudio/mcp-tool-chainer,github_repo,yes,external/mcp-tooling/mcp-tool-chainer,no,
https://github.com/tikimcfee/gomuxai,github_repo,yes,external/unsorted/gomuxai,no,
https://github.com/token-metrics/mcp,github_repo,no,,no,repo exists on web but clone currently failing; likely auth/rate limit/transient; retry later
https://github.com/toolprint/hypertool-mcp,github_repo,yes,external/mcp-tooling/hypertool-mcp,no,
https://github.com/toolsdk-ai/toolsdk-mcp-registry,github_repo,yes,external/mcp-directories/toolsdk-mcp-registry,no,
https://github.com/topoteretes/cognee,github_repo,yes,external/memory/cognee,no,
https://github.com/trade-agent/trade-agent-mcp,github_repo,yes,external/financial/trade-agent-mcp,no,
https://github.com/trycua/cua,github_repo,yes,external/computer-use/cua,no,
https://github.com/twelvedata/mcp,github_repo,yes,external/financial/mcp,no,
https://github.com/tylergraydev/claude-limitline,github_repo,yes,external/mcp-servers/claude-limitline,no,
https://github.com/universal-tool-calling-protocol/code-mode,github_repo,yes,external/mcp-tooling/code-mode,no,
https://github.com/universal-tool-calling-protocol/utcp-mcp,github_repo,yes,external/mcp-tooling/utcp-mcp,no,
https://github.com/unkn0wn-root/resterm,github_repo,yes,external/mcp-servers/resterm,no,
https://github.com/upsonic/upsonic,github_repo,yes,external/financial/Upsonic,no,
https://github.com/vectifyai/pageindex,github_repo,yes,external/rag/PageIndex,no,
https://github.com/vectorize-io/hindsight,github_repo,yes,external/memory/hindsight,no,
https://github.com/veriteknik/pluggedin-mcp,github_repo,yes,external/mcp-tooling/pluggedin-mcp,no,
https://github.com/verygoodplugins/automem,github_repo,yes,external/memory/automem,no,
https://github.com/verygoodplugins/mcp-automem,github_repo,yes,external/memory/mcp-automem,no,
https://github.com/virattt/ai-hedge-fund,github_repo,yes,external/financial/ai-hedge-fund,no,
https://github.com/vishalveerareddy123/lynkr,github_repo,yes,external/clis/Lynkr,no,
https://github.com/voicetreelab/lazy-mcp,github_repo,yes,external/mcp-tooling/lazy-mcp,no,
https://github.com/vstorm-co/pydantic-deepagents,github_repo,yes,external/orchestration/pydantic-deepagents,no,
https://github.com/vybestack/llxprt-code,github_repo,yes,external/clis/llxprt-code,no,
https://github.com/wildcard-official/deepcontext-mcp,github_repo,yes,external/code-indexing/deepcontext-mcp,no,
https://github.com/williamkapke/kapture,github_repo,yes,external/computer-use/kapture,no,
https://github.com/wonderwhy-er/desktopcommandermcp,github_repo,yes,external/search/DesktopCommanderMCP,no,
https://github.com/wong2/awesome-mcp-servers,github_repo,yes,misc/awesome-mcp-servers-wong2,no,
https://github.com/ykdojo/claude-code-tips,github_repo,yes,external/skills/claude-code-tips,no,
https://github.com/zeddy89/context-engine,github_repo,yes,external/memory/Context-Engine,no,
https://github.com/zerocore-ai/microsandbox,github_repo,yes,external/sandboxing/microsandbox,no,
https://github.com/zhifac/gemini-cli-router,github_repo,yes,external/forks/zhifac/gemini-cli-router,no,
https://github.com/zhu327/gemini-openai-proxy,github_repo,yes,external/clis/gemini-openai-proxy,no,
https://github.com/ziad-hsn/code-mode-toon,github_repo,yes,external/mcp-tooling/code-mode-toon,no,
https://github.com/zuisong/gemini-openai-proxy,github_repo,yes,superai-cli/proxies/gemini-openai-proxy-zuisong,no,
https://hub.docker.com/mcp,website,no,,no,
https://phil65.github.io/llmling-agent/cli,website,no,,no,
https://platform.iflow.cn/models,website,no,,no,
https://playbooks.com/mcp,website,no,,no,
https://simonwillison.net/2025/Oct/5/parallel-coding-agents,website,no,,no,
https://www.copilotkit.ai/blog/build-with-googles-new-a2ui-spec-agent-user-interfaces-with-a2ui-ag-ui,website,no,,no,
https://www.crewai.com,website,no,,no,
https://www.langchain.com/langgraph,website,no,,no,
https://www.pulsemcp.com/servers,website,no,,no,
https://www.verdent.ai,website,no,,no,
